BugID	Path
10304438	Windows Phone Blue\Experiences_DevPartners\Bing\CU
10342299	Windows Phone Blue\Experiences\RealWorld\Search
10354179	Windows Phone Blue\Experiences\RealWorld\Search\DeviceSearch
10370409	Windows Phone Blue\Experiences_DevPartners\Bing\CU\SR
10370621	Windows Phone Blue\Experiences_DevPartners\Bing\CU\LU
10384304	Windows Phone Blue\Experiences\RealWorld\Search
10405775	Windows Phone Blue\Experiences_DevPartners\Bing\CU\LG
10410596	Windows Phone Blue\Experiences_DevPartners\Bing\CU\LU
10418714	Windows Phone Blue\Experiences_DevPartners\Bing\CU\LU